{
    "parent": "item/orientation/cake",
    "elements": [
        {   "from": [ 1, 0, 1 ],
            "to": [ 15, 8, 15 ],
            "faces": {
                "down":  { "texture": "#bottom" },
                "up":    { "texture": "#top" },
                "north": { "texture": "#side" },
                "south": { "texture": "#side" },
                "west":  { "texture": "#side" },
                "east":  { "texture": "#side" }
            }
        },
        {   "from": [ 7, 8, 7 ],
            "to": [ 9, 11, 9 ],
            "faces": {
                "up":    { "uv": [ 7, 6, 9, 8 ], "texture":"#torch" },
                "north": { "uv": [ 7, 6, 9, 9 ], "texture":"#torch" },
                "south": { "uv": [ 7, 6, 9, 9 ], "texture":"#torch" },
                "west":  { "uv": [ 7, 6, 9, 9 ], "texture":"#torch" },
                "east":  { "uv": [ 7, 6, 9, 9 ], "texture":"#torch" }
            }
        },
        {   "from": [ 11 ,8 ,11 ],
            "to": [ 13, 11, 13 ],
            "faces": {
                "up":    { "uv": [ 7, 6, 9, 8 ], "texture":"#torch" },
                "north": { "uv": [ 7, 6, 9, 9 ], "texture":"#torch" },
                "south": { "uv": [ 7, 6, 9, 9 ], "texture":"#torch" },
                "west":  { "uv": [ 7, 6, 9, 9 ], "texture":"#torch" },
                "east":  { "uv": [ 7, 6, 9, 9 ], "texture":"#torch" }
            }
        },
        {   "from": [ 11, 8, 3 ],
            "to": [ 13, 11, 5 ],
            "faces": {
                "up":    { "uv": [ 7, 6, 9, 8 ], "texture":"#torch" },
                "north": { "uv": [ 7, 6, 9, 9 ], "texture":"#torch" },
                "south": { "uv": [ 7, 6, 9, 9 ], "texture":"#torch" },
                "west":  { "uv": [ 7, 6, 9, 9 ], "texture":"#torch" },
                "east":  { "uv": [ 7, 6, 9, 9 ], "texture":"#torch" }
            }
        },
        {   "from": [ 3, 8, 3 ],
            "to": [ 5, 11, 5 ],
            "faces": {
                "up":    { "uv": [ 7, 6, 9, 8 ], "texture":"#torch" },
                "north": { "uv": [ 7, 6, 9, 9 ], "texture":"#torch" },
                "south": { "uv": [ 7, 6, 9, 9 ], "texture":"#torch" },
                "west":  { "uv": [ 7, 6, 9, 9 ], "texture":"#torch" },
                "east":  { "uv": [ 7, 6, 9, 9 ], "texture":"#torch" }
            }
        },
        {   "from": [ 3, 8, 11 ],
            "to": [ 5, 11, 13 ],
            "faces": {
                "up":    { "uv": [ 7, 6, 9, 8 ], "texture":"#torch" },
                "north": { "uv": [ 7, 6, 9, 9 ], "texture":"#torch" },
                "south": { "uv": [ 7, 6, 9, 9 ], "texture":"#torch" },
                "west":  { "uv": [ 7, 6, 9, 9 ], "texture":"#torch" },
                "east":  { "uv": [ 7, 6, 9, 9 ], "texture":"#torch" }
            }
        }
    ]
}
