{
    "parent": "simplefarming:item/orientation/scarecrow",
    "elements": [
        {   "from": [ 7, -8, 7 ],
            "to": [ 9, 2, 9 ],
            "faces": {
                "down":  { "uv": [ 0, 0, 2, 2 ], "texture":"#planks" },
                "north": { "uv": [ 0, 6, 2, 16 ], "texture":"#planks" },
                "south": { "uv": [ 0, 6, 2, 16 ], "texture":"#planks" },
                "west":  { "uv": [ 0, 6, 2, 16 ], "texture":"#planks" },
                "east":  { "uv": [ 0, 6, 2, 16 ], "texture":"#planks" }
            }
        },
        {   "from": [ 4, 2, 6 ],
            "to": [ 12, 8, 10 ],
            "faces": {
                "down":  { "uv": [ 4, 6, 12, 10 ], "texture":"#torso" },
                "north": { "uv": [ 4, 6, 12, 12 ], "texture":"#torso" },
                "south": { "uv": [ 4, 6, 12, 12 ], "texture":"#torso" },
                "west":  { "uv": [ 6, 6, 10, 12 ], "texture":"#torso" },
                "east":  { "uv": [ 6, 6, 10, 12 ], "texture":"#torso" }
            }
        },
        {   "from": [ 0, 8, 6 ],
            "to": [ 16, 12, 10 ],
            "faces": {
                "down":  { "uv": [ 0, 6, 16, 10 ], "texture":"#torso_top" },
                "up":    { "uv": [ 0, 6, 16, 10 ], "texture":"#torso_top" },
                "north": { "uv": [ 0, 3, 16, 7 ], "texture":"#torso" },
                "south": { "uv": [ 0, 6, 16, 10 ], "texture":"#torso_top" },
                "west":  { "uv": [ 11, 3, 15, 7 ], "texture":"#torso" },
                "east":  { "uv": [ 1, 3, 5, 7 ], "texture":"#torso" }
            }
        },
        {   "from": [ 7, 12, 7 ],
            "to": [ 9, 14, 9 ],
            "faces": {
                "north": { "uv": [ 0, 10, 2, 12 ], "texture":"#planks" },
                "south": { "uv": [ 0, 10, 2, 12 ], "texture":"#planks" },
                "west":  { "uv": [ 0, 10, 2, 12 ], "texture":"#planks" },
                "east":  { "uv": [ 0, 10, 2, 12 ], "texture":"#planks" }
            }
        },
        {   "from": [ 16, 9, 7 ],
            "to": [ 24, 11, 9 ],
            "faces": {
                "down":  { "uv": [ 0, 2, 8, 4 ], "texture":"#planks" },
                "up":    { "uv": [ 0, 2, 8, 4 ], "texture":"#planks" },
                "north": { "uv": [ 0, 2, 8, 4 ], "texture":"#planks" },
                "south": { "uv": [ 0, 2, 8, 4 ], "texture":"#planks" },
                "east":  { "uv": [ 0, 0, 2, 2 ], "texture":"#planks" }
            }
        },
        {   "from": [ -8, 9, 7 ],
            "to": [ 0, 11, 9 ],
            "faces": {
                "down":  { "uv": [ 0, 1, 8, 3 ], "texture":"#planks" },
                "up":    { "uv": [ 0, 1, 8, 3 ], "texture":"#planks" },
                "north": { "uv": [ 0, 1, 8, 3 ], "texture":"#planks" },
                "south": { "uv": [ 0, 1, 8, 3 ], "texture":"#planks" },
                "west":  { "uv": [ 0, 0, 2, 2 ], "texture":"#planks" }
            }
        },
        {   "from": [ 3, 14, 3 ],
            "to": [ 13, 24, 13 ],
            "faces": {
                "down":  { "uv": [ 3, 3, 13, 13 ], "texture":"#pumpkin_bottom" },
                "up":    { "uv": [ 3, 3, 13, 13 ], "texture":"#pumpkin_top" },
                "north": { "uv": [ 3, 3, 13, 13 ], "texture":"#pumpkin_front" },
                "south": { "uv": [ 3, 3, 13, 13 ], "texture":"#pumpkin_side" },
                "west":  { "uv": [ 3, 3, 13, 13 ], "texture":"#pumpkin_side" },
                "east":  { "uv": [ 3, 3, 13, 13 ], "texture":"#pumpkin_side" }
            }
        }
    ]
}
