{
    "parent": "item/orientation/bell",
    "elements": [
        {   "from": [ 2, 13, 7 ],
            "to": [ 14, 15, 9 ],
            "faces": {
                "down":  { "uv": [ 2, 3, 14, 5 ], "texture": "#bar", "rotation": 180 },
                "up":    { "uv": [ 2, 3, 14, 5 ], "texture": "#bar", "rotation": 180 },
                "north": { "uv": [ 2, 3, 14, 5 ], "texture": "#bar" },
                "south": { "uv": [ 2, 2, 14, 4 ], "texture": "#bar" },
                "west":  { "uv": [ 5, 4, 7, 6 ], "texture": "#bar" },
                "east":  { "uv": [ 5, 4, 7, 6 ], "texture": "#bar" }
            }
        },
        {   "from": [ 4, 4, 4 ],
            "to": [ 12, 6, 12 ],
            "faces": {
                "down":  { "uv": [ 0, 0, 8, 8 ], "texture": "#bottom" },
                "up":    { "uv": [ 0, 0, 8, 8 ], "texture": "#top" },
                "north": { "uv": [ 0, 7, 8, 9 ], "texture": "#side" },
                "south": { "uv": [ 0, 7, 8, 9 ], "texture": "#side" },
                "west":  { "uv": [ 0, 7, 8, 9 ], "texture": "#side" },
                "east":  { "uv": [ 0, 7, 8, 9 ], "texture": "#side" }
            }
        },
        {   "from": [ 5, 6, 5 ],
            "to": [ 11, 13, 11 ],
            "faces": {
                "down":  { "uv": [ 0, 0, 0, 0 ], "texture": "#bottom" },
                "up":    { "uv": [ 1, 1, 7, 7 ], "texture": "#top" },
                "north": { "uv": [ 1, 0, 7, 7 ], "texture": "#side" },
                "south": { "uv": [ 1, 0, 7, 7 ], "texture": "#side" },
                "west":  { "uv": [ 1, 0, 7, 7 ], "texture": "#side" },
                "east":  { "uv": [ 1, 0, 7, 7 ], "texture": "#side" }
            }
        }
    ]
}
