{
    "parent": "item/orientation/door",
    "elements": [
        {   "from": [ 6.5, 16, 0 ],
            "to": [ 9.5, 32, 16 ],
            "faces": {
                "up":    { "uv": [ 13, 0, 16, 16 ], "texture": "#bottom" },
                "north": { "uv": [  3, 0,  0, 16 ], "texture": "#top" },
                "south": { "uv": [  0, 0,  3, 16 ], "texture": "#top" },
                "west":  { "uv": [  0, 0, 16, 16 ], "texture": "#top" },
                "east":  { "uv": [ 16, 0,  0, 16 ], "texture": "#top" }
            }
        },
        {   "from": [ 6.5, 0, 0 ],
            "to": [ 9.5, 16, 16 ],
            "faces": {
                "down":  { "uv": [ 13, 0, 16, 16 ], "texture": "#bottom" },
                "north": { "uv": [  3, 0,  0, 16 ], "texture": "#bottom" },
                "south": { "uv": [  0, 0,  3, 16 ], "texture": "#bottom" },
                "west":  { "uv": [  0, 0, 16, 16 ], "texture": "#bottom" },
                "east":  { "uv": [ 16, 0,  0, 16 ], "texture": "#bottom" }
            }
        }
    ]
}
