{
    "parent": "item/orientation/minecart",
    "elements": [
        {   "from": [ -2, 0, 0 ],
            "to": [ 18, 2, 16 ],
            "faces": {
                "down":  { "uv": [ 0.5, 6, 5.5, 14 ], "texture": "#minecart" },
                "up":    { "uv": [ 6, 6, 11, 14 ], "texture": "#minecart" },
                "north": { "uv": [ 0.5, 5, 5.5, 6 ], "texture": "#minecart" },
                "south": { "uv": [ 5.5, 5, 10.5, 6 ], "texture": "#minecart" },
                "west":  { "uv": [ 0, 6, 0.5, 14 ], "texture": "#minecart", "rotation": 90 },
                "east":  { "uv": [ 5.5, 6, 6, 14 ], "texture": "#minecart", "rotation": 270 }
            }
        },
        {   "from": [ 0, 2, 0 ],
            "to": [ 16, 10, 2 ],
            "faces": {
                "up":    { "uv": [ 0.5, 0, 4.5, 1 ], "texture": "#minecart" },
                "north": { "uv": [ 5, 1, 9, 5 ], "texture": "#minecart" },
                "south": { "uv": [ 0.5, 1, 4.5, 5 ], "texture": "#minecart" }
            }
        },
        {   "from": [ 0, 2, 14 ],
            "to": [ 16, 10, 16 ],
            "faces": {
                "up":    { "uv": [ 0.5, 0, 4.5, 1 ], "rotation": 180, "texture": "#minecart" },
                "north": { "uv": [ 0.5, 1, 4.5, 5 ], "texture": "#minecart" },
                "south": { "uv": [ 5, 1, 9, 5 ], "texture": "#minecart" }
            }
        },
        {   "from": [ -2, 2, 0 ],
            "to": [ 0, 10, 16 ],
            "faces": {
                "up":    { "uv": [ 0.5, 0, 4.5, 1 ], "texture": "#minecart", "rotation": 270 },
                "north": { "uv": [ 4.5, 1, 5, 5 ], "texture": "#minecart" },
                "south": { "uv": [ 0, 1, 0.5, 5 ], "texture": "#minecart" },
                "west":  { "uv": [ 5, 1, 9, 5 ], "texture": "#minecart" },
                "east":  { "uv": [ 0.5, 1, 4.5, 5 ], "texture": "#minecart" }
            }
        },
        {   "from": [ 16, 2, 0 ],
            "to": [ 18, 10, 16 ],
            "faces": {
                "up":    { "uv": [ 0.5, 0, 4.5, 1 ], "texture": "#minecart", "rotation": 90 },
                "north": { "uv": [ 0, 1, 0.5, 5 ], "texture": "#minecart" },
                "south": { "uv": [ 4.5, 1, 5, 5 ], "texture": "#minecart" },
                "east":  { "uv": [ 5, 1, 9, 5 ], "texture": "#minecart" },
                "west":  { "uv": [ 0.5, 1, 4.5, 5 ], "texture": "#minecart" }
            }
        },
        {   "from": [ 2, 7.25, 2 ],
            "to": [ 14, 8, 14 ],
            "faces": {
                "up":    {"uv": [ 0, 0, 16, 16 ], "texture": "#inside", "rotation": 270},
                "down":  {"uv": [ 0, 0, 16, 16 ], "texture": "#outside"},
                "north": {"uv": [ 0, 5, 16, 6 ], "texture": "#outside"},
                "south": {"uv": [ 0, 5, 16, 6 ], "texture": "#outside"},
                "east":  {"uv": [ 0, 5, 16, 6 ], "texture": "#outside"},
                "west":  {"uv": [ 0, 5, 16, 6 ], "texture": "#outside"}
            }
        },
        {   "from": [ 2, 8, 2 ],
            "to": [ 3.5, 11.75, 14 ],
            "faces": {
                "up":    {"uv": [ 0, 0, 2, 16 ], "texture": "#top"},
                "down":  {"uv": [ 0, 0, 2, 16 ], "texture": "#outside"},
                "north": {"uv": [ 14, 0, 16, 5 ], "texture": "#outside"},
                "south": {"uv": [ 0, 0, 2, 5 ], "texture": "#outside"},
                "east":  {"uv": [ 0, 0, 16, 5 ], "texture": "#outside"},
                "west":  {"uv": [ 0, 0, 16, 5 ], "texture": "#outside"}
            }
        },
        {   "from": [ 3.5, 8, 2 ],
            "to": [ 12.5, 11.75, 3.5 ],
            "faces": {
                "up":    {"uv": [ 2, 0, 14, 2 ], "texture": "#top"},
                "down":  {"uv": [ 2, 14, 14, 16 ], "texture": "#outside"},
                "north": {"uv": [ 2, 0, 14, 5 ], "texture": "#outside"},
                "south": {"uv": [ 2, 0, 14, 5 ], "texture": "#outside"},
                "east":  {"uv": [ 14, 0, 16, 5 ], "texture": "#outside"},
                "west":  {"uv": [ 0, 0, 2, 5 ], "texture": "#outside"}
            }
        },
        {   "from": [ 12.5, 8, 2 ],
            "to": [ 14, 11.75, 14 ],
            "faces": {
                "up":    {"uv": [ 14, 0, 16, 16 ], "texture": "#top"},
                "down": {"uv": [ 14, 0, 16, 16 ], "texture": "#outside"},
                "north": {"uv": [ 0, 0, 2, 5 ], "texture": "#outside"},
                "south": {"uv": [ 14, 0, 16, 5 ], "texture": "#outside"},
                "east":  {"uv": [ 0, 0, 16, 5 ], "texture": "#outside"},
                "west":  {"uv": [ 0, 0, 16, 5 ], "texture": "#outside"}
            }
        },
        {   "from": [ 3.5, 8, 12.5 ],
            "to": [ 12.5, 11.75, 14 ],
            "faces": {
                "up":    {"uv": [ 2, 14, 14, 16 ], "texture": "#top"},
                "down":  {"uv": [ 2, 0, 14, 2 ], "texture": "#outside"},
                "north": {"uv": [ 2, 0, 14, 5 ], "texture": "#outside"},
                "south": {"uv": [ 2, 0, 14, 5 ], "texture": "#outside"},
                "east":  {"uv": [ 0, 0, 2, 5 ], "texture": "#outside"},
                "west":  {"uv": [ 14, 0, 16, 5 ], "texture": "#outside"}
            }
        },
        {   "from": [ 5, 2.75, 5 ],
            "to": [ 11, 7.25, 11 ],
            "faces": {
                "up":    {"uv": [ 4, 4, 12, 12 ], "texture": "#outside"},
                "down":  {"uv": [ 4, 4, 12, 12 ], "texture": "#outside"},
                "north": {"uv": [ 4, 6, 12, 12 ], "texture": "#outside"},
                "south": {"uv": [ 4, 6, 12, 12 ], "texture": "#outside"},
                "east":  {"uv": [ 4, 6, 12, 12 ], "texture": "#outside"},
                "west":  {"uv": [ 4, 6, 12, 12 ], "texture": "#outside"}

            }
        },
        {   "from": [ 6.5, -0.25, 6.5 ],
            "to": [ 9.5, 2.75, 9.5 ],
            "faces": {
                "up":    {"uv": [ 6, 6, 10, 10 ], "texture": "#outside"},
                "down":  {"uv": [ 6, 6, 10, 10 ], "texture": "#outside"},
                "north": {"uv": [ 6, 12, 10, 16 ], "texture": "#outside"},
                "south": {"uv": [ 6, 12, 10, 16 ], "texture": "#outside"},
                "east":  {"uv": [ 6, 12, 10, 16 ], "texture": "#outside"},
                "west":  {"uv": [ 6, 12, 10, 16 ], "texture": "#outside"}
            }
        }
    ]
}
