{
    "parent": "item/orientation/pane",
    "elements": [
        {   "from": [ 0, 0, 7.5 ],
            "to": [ 16, 16, 8.5 ],
            "faces": {
                "down":  { "uv": [ 0, 0, 16, 1 ], "texture": "#frame", "rotation": 180 },
                "up":    { "uv": [ 0, 0, 16, 1 ], "texture": "#frame", "rotation": 180 },
                "north": { "texture": "#painting" },
                "south": { "texture": "#frame" },
                "west":  { "uv": [ 0, 0, 1, 16 ], "texture": "#frame"},
                "east":  { "uv": [ 0, 0, 1, 16 ], "texture": "#frame"}
            }
        }
    ]
}
