{
    "parent": "item/orientation/sign",
    "elements": [
        {   "from": [ 7.35, 0, 7.35 ],
            "to": [ 8.65, 9.25, 8.65 ],
            "faces": {
                "down":  { "uv": [ 1, 8, 1.5, 7 ], "texture": "#sign", "rotation": 180 },
                "north": { "uv": [ 0.5, 8, 1, 15 ], "texture": "#sign" },
                "south": { "uv": [ 1.5, 8, 2, 15 ], "texture": "#sign" },
                "west":  { "uv": [ 1, 8, 1.5, 15 ], "texture": "#sign" },
                "east":  { "uv": [ 0, 8, 0.5, 15 ], "texture": "#sign" }
            }
        },
        {   "from": [ 0, 9.25, 7.35 ],
            "to": [ 16, 17.25, 8.65 ],
            "faces": {
                "down":  { "uv": [ 12.5, 0, 6.5, 1 ], "texture": "#sign" },
                "up":    { "uv": [ 0.5, 0, 6.5, 1 ], "texture": "#sign", "rotation": 180 },
                "north": { "uv": [ 0.5, 1, 6.5, 7 ], "texture": "#sign" },
                "south": { "uv": [ 7, 1, 13, 7 ], "texture": "#sign" },
                "west":  { "uv": [ 6.5, 1, 7, 7 ], "texture": "#sign" },
                "east":  { "uv": [ 0, 1, 0.5, 7 ], "texture": "#sign" }
            }
        }
    ]
}
