{
    "parent": "item/orientation/tripwire_hook",
    "elements": [
        {   "from": [ 6.2, 2.8, 0.9 ],
            "to": [ 9.8, 3.6, 4.5 ],
            "rotation": { "origin": [ 8, 5, -1.8 ], "axis": "x", "angle": -45 },
            "faces": {
                "down":  { "uv": [ 5, 3, 11, 9 ], "texture": "#hook" },
                "up":    { "uv": [ 5, 3, 11, 9 ], "texture": "#hook" },
                "north": { "uv": [ 5, 3, 11, 4 ], "texture": "#hook" },
                "south": { "uv": [ 5, 8, 11, 9 ], "texture": "#hook" },
                "west":  { "uv": [ 5, 8, 11, 9 ], "texture": "#hook" },
                "east":  { "uv": [ 5, 3, 11, 4 ], "texture": "#hook" }
            }
        },
        {   "from": [ 7.4, 2.8, 3.3 ],
            "to": [ 8.6, 3.6, 3.3 ],
            "rotation": { "origin": [ 8, 5, -1.8 ], "axis": "x", "angle": -45 },
            "faces": {
                "north": { "uv": [ 7, 8, 9, 9 ], "texture": "#hook" }
            }
        },
        {   "from": [ 7.4, 2.8, 2.1 ],
            "to": [ 8.6, 3.6, 2.1 ],
            "rotation": { "origin": [ 8, 5, -1.8 ], "axis": "x", "angle": -45 },
            "faces": {
                "south": { "uv": [ 7, 3, 9, 4 ], "texture": "#hook" }
            }
        },
        {   "from": [ 7.4, 2.8, 2.1 ],
            "to": [ 7.4, 3.6, 3.3 ],
            "rotation": { "origin": [ 8, 5, -1.8 ], "axis": "x", "angle": -45 },
            "faces": {
                "east": { "uv": [ 7, 8, 9, 9 ], "texture": "#hook" }
            }
        },
        {   "from": [ 8.6, 2.8, 2.1 ],
            "to": [ 8.6, 3.6, 3.3 ],
            "rotation": { "origin": [ 8, 5, -1.8 ], "axis": "x", "angle": -45 },
            "faces": {
                "west": { "uv": [ 7, 3, 9, 4 ], "texture": "#hook" }
            }
        },
        {   "from": [ 7.4, 4.2, 3 ],
            "to": [ 8.8, 5.8, 7 ],
            "rotation": { "origin": [ 8, 5, 7 ], "axis": "x", "angle": 45 },
            "faces": {
                "down":  { "uv": [ 7, 9,  9, 14 ], "texture": "#wood" },
                "up":    { "uv": [ 7, 2,  9,  7 ], "texture": "#wood" },
                "north": { "uv": [ 7, 9,  9, 11 ], "texture": "#wood" },
                "south": { "uv": [ 7, 9,  9, 11 ], "texture": "#wood" },
                "west":  { "uv": [ 2, 9,  7, 11 ], "texture": "#wood" },
                "east":  { "uv": [ 9, 9, 14, 11 ], "texture": "#wood" }
            }
        },
        {   "from": [ 6, 0, 7 ],
            "to": [ 10, 8, 9 ],
            "faces": {
                "down":  { "uv": [  6, 14, 10, 16 ], "texture": "#wood" },
                "up":    { "uv": [  6,  0, 10,  2 ], "texture": "#wood" },
                "north": { "uv": [  6,  7, 10, 15 ], "texture": "#wood" },
                "south": { "uv": [  6,  7, 10, 15 ], "texture": "#wood" },
                "west":  { "uv": [  0,  7,  2, 15 ], "texture": "#wood" },
                "east":  { "uv": [ 14,  7, 16, 15 ], "texture": "#wood" }
            }
        }
    ]
}
