{
    "parent": "comforts:item/orientation/sleeping_bag",
    "elements": [
        {   "from": [ 0, 0, 0 ],
            "to": [ 16, 1, 1 ],
            "faces": {
                "down":  { "uv": [ 12, 0.25, 16, 0.5 ], "texture": "#hammock", "rotation": 180 },
                "up":    { "uv": [ 7.75, 0.25, 11.75, 0.5 ], "texture": "#hammock" },
                "north": { "uv": [ 11.75, 0, 7.75, 0.25 ], "texture": "#hammock" },
                "south": { "uv": [ 11.75, 0, 15.75, 0.25 ], "texture": "#hammock" },
                "west":  { "uv": [ 7.5, 0.25, 7.75, 0.5 ], "texture": "#hammock", "rotation": 270 },
                "east":  { "uv": [ 11.75, 0.25, 12, 0.5 ], "texture": "#hammock", "rotation": 90 }
            }
        },
        {   "from": [ 1, 0, 1 ],
            "to": [ 15, 1, 16 ],
            "faces": {
                "down":  { "uv": [ 4, 0.25, 7.5, 4 ], "texture": "#hammock", "rotation": 180 },
                "up":    { "uv": [ 0.25, 0.25, 3.75, 4 ], "texture": "#hammock" },
                "west":  { "uv": [ 0, 0.25, 0.25, 4 ], "texture": "#hammock", "rotation": 270 },
                "east":  { "uv": [ 3.75, 0.25, 4, 4 ], "texture": "#hammock", "rotation": 90 }
            }
        },
        {   "from": [ 1, 0, 16 ],
            "to": [ 15, 1, 31 ],
            "faces": {
                "down":  { "uv": [ 4, 4.25, 7.5, 8 ], "texture": "#hammock", "rotation": 180 },
                "up":    { "uv": [ 0.25, 4.25, 3.75, 8 ], "texture": "#hammock" },
                "west":  { "uv": [ 0, 4.25, 0.25, 8 ], "texture": "#hammock", "rotation": 270 },
                "east":  { "uv": [ 3.75, 4.25, 4, 8 ], "texture": "#hammock", "rotation": 90 }
            }
        },
        {   "from": [ 0, 0, 31 ],
            "to": [ 16, 1, 32 ],
            "faces": {
                "down":  { "uv": [ 12, 0.25, 16, 0.5 ], "texture": "#hammock", "rotation": 180 },
                "up":    { "uv": [ 7.75, 0.25, 11.75, 0.5 ], "texture": "#hammock" },
                "north": { "uv": [ 11.75, 0, 7.75, 0.25 ], "texture": "#hammock" },
                "south": { "uv": [ 11.75, 0, 15.75, 0.25 ], "texture": "#hammock" },
                "west":  { "uv": [ 7.5, 0.25, 7.75, 0.5 ], "texture": "#hammock", "rotation": 270 },
                "east":  { "uv": [ 11.75, 0.25, 12, 0.5 ], "texture": "#hammock", "rotation": 90 }
            }
        }
    ]
}
