{
    "parent": "comforts:item/orientation/sleeping_bag",
    "elements": [
        {   "from": [ 0, 0, 0 ],
            "to": [ 16, 3, 16 ],
            "faces": {
                "down":  { "uv": [ 5.5, 5.5, 9.5, 9.5 ], "texture": "#bag" },
                "up":    { "uv": [ 0.75, 5.5, 4.75, 9.5 ], "texture": "#bag", "rotation": 180 },
                "north": { "uv": [ 4.75, 5.5, 8.75, 4.75 ], "texture": "#bag" },
                "west":  { "uv": [ 4.75, 5.5, 5.5, 9.5 ], "texture": "#bag", "rotation": 90 },
                "east":  { "uv": [ 0, 5.5, 0.75, 9.5 ], "texture": "#bag", "rotation": 270 }
            }
        },
        {   "from": [ 0, 0, 16 ],
            "to": [ 16, 3, 32 ],
            "faces": {
                "down":  { "uv": [ 5.5, 0.75, 9.5, 4.75 ], "texture": "#bag" },
                "up":    { "uv": [ 0.75, 0.75, 4.75, 4.75 ], "texture": "#bag", "rotation": 180 },
                "south": { "uv": [ 0.75, 0, 4.75, 0.75 ], "texture": "#bag", "rotation": 180 },
                "west":  { "uv": [ 4.75, 0.75, 5.5, 4.75 ], "texture": "#bag", "rotation": 90 },
                "east":  { "uv": [ 0, 0.75, 0.75, 4.75 ], "texture": "#bag", "rotation": 270 }
            }
        }
    ]
}
