{
    "parent": "comforts:item/orientation/rope_and_nail",
    "elements": [
        {   "from": [ 7.5, 5.625, 7 ],
            "to": [ 8.5, 7.625, 9 ],
            "faces": {
                "down": { "uv": [ 1, 3, 3, 4 ], "texture": "#nail", "rotation": 270 },
                "up": { "uv": [ 1, 0, 3, 1 ], "texture": "#nail", "rotation": 90 },
                "north": { "uv": [ 0, 1, 1, 3 ], "texture": "#nail" },
                "south": { "uv": [ 3, 1, 4, 3 ], "texture": "#nail" },
                "west": { "uv": [ 1, 1, 3, 3 ], "texture": "#nail" },
                "east": { "uv": [ 1, 1, 3, 3 ], "texture": "#nail", "rotation": 270 }
            }
        },
        {   "from": [ 6.5, 0, 6.5 ],
            "to": [ 9.5, 5, 9.5 ],
            "faces": {
                "down":  { "uv": [ 3.5, 0.5, 5, 2 ], "texture": "#knot" },
                "up":    { "uv": [ 5, 2, 3.5, 0.5 ], "texture": "#knot" },
                "north": { "uv": [ 7, 5.5, 5.5, 3 ], "texture": "#knot", "rotation": 180 },
                "south": { "uv": [ 8.5, 3, 10, 5.5 ], "texture": "#knot" },
                "west":  { "uv": [ 7, 3, 8.5, 5.5 ], "texture": "#knot" },
                "east":  { "uv": [ 4, 3, 5.5, 5.5 ], "texture": "#knot" }
            }
        },
        {   "from": [ 6.5, 5, 7.5 ],
            "to": [ 7.5, 7, 8.5 ],
            "faces": {
                "down":  { "uv": [ 7.5, 11.5, 8.5, 12.5 ], "texture": "#knot" },
                "up":    { "uv": [ 5, 12, 4.5, 11.5 ], "texture": "#knot" },
                "north": { "uv": [ 10, 6, 9, 5.5 ], "texture": "#knot", "rotation": 90 },
                "south": { "uv": [ 7.5, 4, 8.5, 4.5 ], "texture": "#knot", "rotation": 90 },
                "west":  { "uv": [ 9.5, 4.5, 10.5, 5 ], "texture": "#knot", "rotation": 270 },
                "east":  { "uv": [ 7.5, 5.5, 8.5, 6 ], "texture": "#knot", "rotation": 270 }
            }
        },
        {   "from": [ 7.5, 6.125, 6 ],
            "to": [ 8.5, 7.125, 7 ],
            "faces": {
                "down":  { "uv": [ 1, 3, 2, 4 ], "texture": "#nail" },
                "up":    { "uv": [ 2, 2, 3, 3 ], "texture": "#nail" },
                "north": { "uv": [ 1, 3, 2, 4 ], "texture": "#nail" },
                "south": { "uv": [ 7.5, 8.875, 8.5, 9.875 ], "texture": "#nail" },
                "west":  { "uv": [ 1, 2, 2, 3 ], "texture": "#nail" },
                "east":  { "uv": [ 1, 2, 2, 3 ], "texture": "#nail" }
            }
        },
        {   "from": [ 8.5, 5, 7.5 ],
            "to": [ 9.5, 7, 8.5 ],
            "faces": {
                "down":  { "uv": [ 7.5, 11.5, 8.5, 12.5 ], "texture": "#knot" },
                "up":    { "uv": [ 3.5, 10.5, 3, 10 ], "texture": "#knot" },
                "north": { "uv": [ 11, 5.5, 10, 5 ], "texture": "#knot", "rotation": 270 },
                "south": { "uv": [ 11, 4, 12, 4.5 ], "texture": "#knot", "rotation": 270 },
                "west":  { "uv": [ 11, 4.5, 12, 5 ], "texture": "#knot", "rotation": 90 },
                "east":  { "uv": [ 9.5, 5.5, 10.5, 6 ], "texture": "#knot", "rotation": 270 }
            }
        }
    ]
}
