{
    "loader": "forge:obj",
    "model": "immersiveengineering:models/block/metal_device/cloche.obj.ie",
    "flip-v": true,
    "transform": {
	    "gui": {
		    "rotation": [ 30, 45, 0 ],
			"translation": [ 0, -0.24, 0 ],
			"scale": 0.319,
            "origin": "corner"
        },
        "ground": {
		    "rotation": [ 0, 180, 0 ],
			"translation": [ 0, 0, 0 ],
			"scale": 0.25,
            "origin": "corner"
        },
        "fixed": {
		    "rotation": [ 0, 180, 0 ],
			"translation": [ 0, -0.335, 0 ],
			"scale": 0.334,
            "origin": "corner"
        },
	    "thirdperson_righthand": {
		    "rotation": [ 75, -45, 0 ],
			"translation": [ 0, 0.123, 0 ],
			"scale": 0.375,
            "origin": "corner"
        },
	    "thirdperson_lefthand": {
		    "rotation": [ 75, -45, 0 ],
			"translation": [ 0, 0, 0 ],
			"scale": 0.375,
            "origin": "corner"
        },
	    "firstperson_righthand": {
		    "rotation": [ 0, -45, 0 ],
			"translation": [ 0, 0, 0 ],
			"scale": 0.4,
            "origin": "corner"
        },
	    "firstperson_lefthand": {
		    "rotation": [ 0, -45, 0 ],
			"translation": [ 0, 0, 0 ],
			"scale": 0.4,
            "origin": "corner"
        }
    }
}
