{
    "parent": "bamboo_blocks:item/orientation/bamboo_torch",
    "elements": [
        {   "from": [ 7, 0, 7 ],
            "to": [ 9, 14, 9 ],
            "shade": false,
            "faces": {
                "down":  { "uv": [ 7, 8, 9, 10 ], "texture": "#torch" },
                "up":    { "uv": [ 7, 2, 9, 4 ], "texture": "#torch" },
                "north": { "uv": [ 7, 2, 9, 16 ], "texture": "#torch"},
                "south": { "uv": [ 7, 2, 9, 16 ], "texture": "#torch"},
                "west":  { "uv": [ 7, 2, 9, 16 ], "texture": "#torch"},
                "east":  { "uv": [ 7, 2, 9, 16 ], "texture": "#torch"}
            }
        },
        {   "from": [ 7.96875, 0, 0 ],
            "to": [ 8.03125, 11, 16 ],
            "shade": false,
            "faces": {
                "west":  { "uv": [ 0, 5, 16, 16 ], "texture": "#torch" },
                "east":  { "uv": [ 0, 5, 16, 16 ], "texture": "#torch" }
            }
        },
        {   "from": [ 0, 0, 7.96875 ],
            "to": [ 16, 11, 8.03125 ],
            "shade": false,
            "faces": {
                "north": { "uv": [ 0, 5, 16, 16 ], "texture": "#torch" },
                "south": { "uv": [ 0, 5, 16, 16 ], "texture": "#torch" }
            }
        }
    ]
}
