{
    "parent": "upgrade_aquatic:item/orientation/tooth_lantern",
    "elements": [
        {   "from": [ 7, 0, 7 ],
            "to": [ 9, 4, 9 ],
            "faces": {
                "down":  { "uv": [ 1, 0.5, 2, 1.5 ], "texture": "#lantern" },
                "south": { "uv": [ 1, 2, 2, 4 ], "texture": "#lantern" },
                "north": { "uv": [ 1, 2, 2, 4 ], "texture": "#lantern" },
                "west":  { "uv": [ 1, 2, 2, 4 ], "texture": "#lantern" },
                "east":  { "uv": [ 1, 2, 2, 4 ], "texture": "#lantern" }
            }
        },
        {   "from": [ 4, 4, 4 ],
            "to": [ 12, 5, 12 ],
            "faces": {
                "down":  { "uv": [ 7, 0.5, 11, 4.5 ], "texture": "#lantern" },
                "up":    { "uv": [ 7, 0.5, 11, 4.5 ], "texture": "#lantern" },
                "north": { "uv": [ 7, 5, 11, 5.5 ], "texture": "#lantern" },
                "south": { "uv": [ 7, 5, 11, 5.5 ], "texture": "#lantern" },
                "west":  { "uv": [ 7, 5, 11, 5.5 ], "texture": "#lantern" },
                "east":  { "uv": [ 7, 5, 11, 5.5] , "texture": "#lantern" }
            }
        },
        {   "from": [ 5, 5, 5 ],
            "to": [ 11, 13, 11 ],
            "faces": {
                "north": { "uv": [ 3, 3.5, 6, 7.5 ], "texture": "#lantern" },
                "south": { "uv": [ 3, 3.5, 6, 7.5 ], "texture": "#lantern" },
                "west":  { "uv": [ 3, 3.5, 6, 7.5 ], "texture": "#lantern" },
                "east":  { "uv": [ 3, 3.5, 6, 7.5 ], "texture": "#lantern" }


            }
        },
        {   "from": [ 4, 13, 4 ],
            "to": [ 12, 14, 12 ],
            "faces": {
                "down":  { "uv": [ 7, 0.5, 11, 4.5 ], "texture": "#lantern" },
                "up":    { "uv": [ 7, 0.5, 11, 4.5 ], "texture": "#lantern" },
                "north": { "uv": [ 7, 5, 11, 5.5 ], "texture": "#lantern" },
                "south": { "uv": [ 7, 5, 11, 5.5 ], "texture": "#lantern" },
                "west":  { "uv": [ 7, 5, 11, 5.5 ], "texture": "#lantern" },
                "east":  { "uv": [ 7, 5, 11, 5.5 ], "texture": "#lantern" }
            }
        }
    ]
}
