{
    "display": {
        "gui": {
            "rotation": [ 30, 225, 0 ],
            "translation": [ 2.4, -1.375, 0 ],
            "scale": [ 0.415, 0.415, 0.415 ]
        },
        "ground": {
            "rotation": [ 0, 0, 0 ],
            "translation": [ 0, 3, -2 ],
            "scale": [ 0.25, 0.25, 0.25 ]
        },
        "fixed": {
            "rotation": [ 0, 180, 0 ],
            "translation": [ 0, 0, 1.5 ],
            "scale": [ 0.5, 0.5, 0.5 ]
        },
        "thirdperson_righthand": {
            "rotation": [ 75, 135, 0 ],
            "translation": [ 0, 2.9, 1.5 ],
            "scale": [ 0.375, 0.375, 0.375 ]
        },
        "firstperson_righthand": {
            "rotation": [ 0, 125, 0 ],
            "translation": [ 0.75, 1, -2 ],
            "scale": [ 0.40, 0.40, 0.40 ]
        }
    }
}
