{
    "parent": "item/orientation/minecart",
    "elements": [
        {   "from": [ -2, 0, 0 ],
            "to": [ 18, 2, 16 ],
            "faces": {
                "down":  { "uv": [ 0.5, 6, 5.5, 14 ], "texture": "#minecart" },
                "up":    { "uv": [ 6, 6, 11, 14 ], "texture": "#minecart" },
                "north": { "uv": [ 0.5, 5, 5.5, 6 ], "texture": "#minecart" },
                "south": { "uv": [ 5.5, 5, 10.5, 6 ], "texture": "#minecart" },
                "west":  { "uv": [ 0, 6, 0.5, 14 ], "texture": "#minecart", "rotation": 90 },
                "east":  { "uv": [ 5.5, 6, 6, 14 ], "texture": "#minecart", "rotation": 270 }
            }
        },
        {   "from": [ 0, 2, 0 ],
            "to": [ 16, 10, 2 ],
            "faces": {
                "up":    { "uv": [ 0.5, 0, 4.5, 1 ], "texture": "#minecart" },
                "north": { "uv": [ 5, 1, 9, 5 ], "texture": "#minecart" },
                "south": { "uv": [ 0.5, 1, 4.5, 5 ], "texture": "#minecart" }
            }
        },
        {   "from": [ 0, 2, 14 ],
            "to": [ 16, 10, 16 ],
            "faces": {
                "up":    { "uv": [ 0.5, 0, 4.5, 1 ], "rotation": 180, "texture": "#minecart" },
                "north": { "uv": [ 0.5, 1, 4.5, 5 ], "texture": "#minecart" },
                "south": { "uv": [ 5, 1, 9, 5 ], "texture": "#minecart" }
            }
        },
        {   "from": [ -2, 2, 0 ],
            "to": [ 0, 10, 16 ],
            "faces": {
                "up":    { "uv": [ 0.5, 0, 4.5, 1 ], "texture": "#minecart", "rotation": 270 },
                "north": { "uv": [ 4.5, 1, 5, 5 ], "texture": "#minecart" },
                "south": { "uv": [ 0, 1, 0.5, 5 ], "texture": "#minecart" },
                "west":  { "uv": [ 5, 1, 9, 5 ], "texture": "#minecart" },
                "east":  { "uv": [ 0.5, 1, 4.5, 5 ], "texture": "#minecart" }
            }
        },
        {   "from": [ 16, 2, 0 ],
            "to": [ 18, 10, 16 ],
            "faces": {
                "up":    { "uv": [ 0.5, 0, 4.5, 1 ], "texture": "#minecart", "rotation": 90 },
                "north": { "uv": [ 0, 1, 0.5, 5 ], "texture": "#minecart" },
                "south": { "uv": [ 4.5, 1, 5, 5 ], "texture": "#minecart" },
                "east":  { "uv": [ 5, 1, 9, 5 ], "texture": "#minecart" },
                "west":  { "uv": [ 0.5, 1, 4.5, 5 ], "texture": "#minecart" }
            }
        },

        {   "from": [ 2, 5, 2 ],
            "to": [ 14, 5.75, 14 ],
            "faces": {
                "down":  { "uv": [ 0, 0, 16, 16 ], "texture": "#pool" },
                "up":    { "uv": [ 0, 0, 16, 16 ], "texture": "#pool", "rotation": 90 },
                "north": { "uv": [ 0, 15, 16, 16 ], "texture": "#pool" },
                "south": { "uv": [ 0, 15, 16, 16 ], "texture": "#pool" },
                "west":  { "uv": [ 0, 15, 16, 16 ], "texture": "#pool" },
                "east":  { "uv": [ 0, 15, 16, 16 ], "texture": "#pool" }
            }
        },
        {   "from": [ 2, 5.75, 13.25 ],
            "to": [ 14, 11, 14 ],
            "faces": {
                "up":    { "uv": [ 15, 0, 16, 16 ], "texture": "#pool", "rotation": 90 },
                "north": { "uv": [ 0, 8, 16, 15 ], "texture": "#pool" },
                "south": { "uv": [ 0, 8, 16, 15 ], "texture": "#pool" },
                "west":  { "uv": [ 15, 8, 16, 15 ], "texture": "#pool" },
                "east":  { "uv": [ 0, 8, 1, 15 ], "texture": "#pool" }
            }
        },
        {   "from": [ 2, 5.75, 2 ],
            "to": [ 14, 11, 2.75 ],
            "faces": {
                "up":    { "uv": [ 0, 0, 1, 16 ], "texture": "#pool", "rotation": 90 },
                "north": { "uv": [ 0, 8, 16, 15 ], "texture": "#pool" },
                "south": { "uv": [ 0, 8, 16, 15 ], "texture": "#pool" },
                "west":  { "uv": [ 0, 8, 1, 15 ], "texture": "#pool" },
                "east":  { "uv": [ 15, 8, 16, 15 ], "texture": "#pool" }
            }
        },
        {   "from": [ 13.25, 5.75, 2.75 ],
            "to": [ 14, 11, 13.25 ],
            "faces": {
                "up":    { "uv": [ 0, 0, 16, 1 ], "texture": "#pool", "rotation": 90 },
                "west":  { "uv": [ 1, 8, 15, 15 ], "texture": "#pool" },
                "east":  { "uv": [ 1, 8, 15, 15 ], "texture": "#pool" }
            }
        },
        {   "from": [ 2, 5.75, 2.75 ],
            "to": [ 2.75, 11, 13.25 ],
            "faces": {
                "up":    { "uv": [ 0, 15, 16, 16 ], "texture": "#pool", "rotation": 90 },
                "west":  { "uv": [ 1, 8, 15, 15 ], "texture": "#pool" },
                "east":  { "uv": [ 1, 8, 15, 15 ], "texture": "#pool" }
            }
        }
    ]
}
