{
    "parent": "industrialforegoing:item/orientation/conveyor",
    "elements": [
        {   "from": [ 0, 0, 0 ],
            "to": [ 16, 1, 16 ],
            "faces": {
                "down":  { "uv": [ 0, 15, 16, 16 ], "texture": "#conveyor" },
                "up":    { "uv": [ 0, 15, 16, 16 ], "texture": "#conveyor" },
                "north": { "uv": [ 0, 15, 16, 16 ], "texture": "#conveyor" },
                "south": { "uv": [ 0, 15, 16, 16 ], "texture": "#conveyor" },
                "west":  { "uv": [ 0, 15, 16, 16 ], "texture": "#conveyor" },
                "east":  { "uv": [ 0, 15, 16, 16 ], "texture": "#conveyor" }
            }
        },
        {   "from": [ 0, 0, 0 ],
            "to": [ 16, 1, 16 ],
            "faces": {
                "up":    { "uv": [ 0, 0, 16, 16 ],"texture": "#conveyor_color", "tintindex": 0 }
            }
        },
        {   "from": [ 0, 1, 0 ],
            "to": [ 1, 2, 16 ],
            "faces": {
                "down":  { "uv": [ 0, 0, 1, 16 ], "texture": "#conveyor" },
                "up":    { "uv": [ 0, 0, 1, 16 ], "texture": "#conveyor" },
                "north": { "uv": [ 0, 0, 1, 1 ], "texture": "#conveyor" },
                "south": { "uv": [ 0, 0, 1, 1 ], "texture": "#conveyor" },
                "west":  { "uv": [ 0, 0, 16, 1 ], "texture": "#conveyor" },
                "east":  { "uv": [ 0, 0, 16, 1 ], "texture": "#conveyor" }
            }
        },
        {   "from": [ 15, 1, 0 ],
            "to": [ 16, 2, 16 ],
            "faces": {
                "down":  { "uv": [ 0, 0, 1, 16 ], "texture": "#conveyor" },
                "up":    { "uv": [ 0, 0, 1, 16 ], "texture": "#conveyor" },
                "north": { "uv": [ 0, 0, 1, 1 ], "texture": "#conveyor" },
                "south": { "uv": [ 0, 0, 1, 1 ], "texture": "#conveyor" },
                "west":  { "uv": [ 0, 0, 16, 1 ], "texture": "#conveyor" },
                "east":  { "uv": [ 0, 0, 16, 1 ], "texture": "#conveyor" }
            }
        }
    ]
}
