{
    "parent": "comforts:item/orientation/sleeping_bag",
    "elements": [
        {   "from": [ 0, 0, 0 ],
            "to": [ 16, 2, 16 ],
            "faces": {
                "down":  { "uv": [ 4, 4.25, 8, 8.25 ], "texture": "#bedroll", "rotation": 180 },
                "up":    { "uv": [ 0, 4.25, 4, 8.25 ], "texture": "#bedroll", "rotation": 180 },
                "north": { "uv": [ 9.75, 0.75, 13.75, 1.25 ], "texture": "#bedroll" },
                "west":  { "uv": [ 0, 9.25, 4, 9.75 ], "texture": "#bedroll" },
                "east":  { "uv": [ 0, 8.5, 4, 9 ], "texture": "#bedroll" }
            }
        },
        {   "from": [ 0, 0, 16 ],
            "to": [ 16, 2, 32 ],
            "faces": {
                "down":  { "uv": [ 4, 0, 8, 4 ], "texture": "#bedroll", "rotation": 180 },
                "up":    { "uv": [ 0, 0, 4, 4 ], "texture": "#bedroll", "rotation": 180 },
                "south": { "uv": [ 9.75, 0, 13.75, 0.5 ], "texture": "#bedroll" },
                "west":  { "uv": [ 4.25, 9.25, 8.25, 9.75 ], "texture": "#bedroll" },
                "east":  { "uv": [ 4.25, 8.5, 8.25, 9 ], "texture": "#bedroll" }
            }
        }
    ]
}
