{
    "parent": "item/orientation/turtle_egg",
    "elements": [
        {   "from": [ 6, 0, 6 ],
            "to": [ 10, 8, 10 ],
            "faces": {
                "down":  { "uv": [ 6, 12, 10, 16 ], "texture": "#candle" },
                "up":    { "uv": [ 6, 0, 10, 4 ], "texture": "#candle" },
                "north": { "uv": [ 6, 4, 10, 12 ], "texture": "#candle" },
                "south": { "uv": [ 6, 4, 10, 12 ], "texture": "#candle" },
                "west":  { "uv": [ 6, 4, 10, 12 ], "texture": "#candle" },
                "east":  { "uv": [ 6, 4, 10, 12 ], "texture": "#candle" }
            }
        },
        {   "from": [ 7.5, 8, 8 ],
            "to": [ 8.5, 9, 8 ],
            "rotation": { "angle": 45, "axis": "y", "origin": [ 8, 8, 8 ] },
            "faces": {
                "north": { "uv": [ 8, 7, 9, 8 ], "texture": "#wick" },
                "south": { "uv": [ 8, 7, 9, 8 ], "texture": "#wick" }
            }
        },
        {   "from": [ 7.5, 8, 8 ],
            "to": [ 8.5, 9, 8 ],
            "rotation": { "angle": -45, "axis": "y", "origin": [ 8, 8, 8 ] },
            "faces": {
                "north": { "uv": [ 8, 7, 9, 8 ], "texture": "#wick" },
                "south": { "uv": [ 8, 7, 9, 8 ], "texture": "#wick" }
            }
        }
    ]
}
