{
    "parent": "item/orientation/item_frame",
    "elements": [
        {   "from": [ 3, 3, 8 ],
            "to": [ 13, 13, 8.5 ],
            "faces": {
                "north": { "uv": [ 1, 1, 11, 11 ], "texture": "#frame" },
                "south": { "uv": [ 11, 1, 1, 11 ], "texture": "#frame" }
            }
        },
        {   "from": [ 2, 2, 7.5 ],
            "to": [ 14, 3, 8.5 ],
            "faces": {
                "down":  { "uv": [ 2, 15, 14, 16 ], "texture": "#frame" },
                "up":    { "uv": [ 2, 15, 14, 16 ], "texture": "#frame" },
                "north": { "uv": [ 14, 15, 2, 16 ], "texture": "#frame" },
                "south": { "uv": [ 2, 15, 14, 16 ], "texture": "#frame" },
                "west":  { "uv": [ 1, 15, 2, 16 ], "texture": "#frame" },
                "east":  { "uv": [ 14, 15, 15, 16 ], "texture": "#frame" }
            }
        },
        {   "from": [ 2, 13, 7.5 ],
            "to": [ 14, 14, 8.5 ],
            "faces": {
                "down":  { "uv": [ 2, 0, 14, 1 ], "texture": "#frame" },
                "up":    { "uv": [ 2, 0, 14, 1 ], "texture": "#frame" },
                "north": { "uv": [ 14, 0, 2, 1 ], "texture": "#frame" },
                "south": { "uv": [ 2, 0, 14, 1 ], "texture": "#frame" },
                "west":  { "uv": [ 14, 0, 15, 1 ], "texture": "#frame" },
                "east":  { "uv": [ 1, 0, 2, 1 ], "texture": "#frame" }
            }
        },
        {   "from": [ 13, 3, 7.5 ],
            "to": [ 14, 13, 8.5 ],
            "faces": {
                "north": { "uv": [ 1, 3, 0, 13 ], "texture": "#frame" },
                "south": { "uv": [ 0, 3, 1, 13 ], "texture": "#frame" },
                "west":  { "uv": [ 0, 3, 1, 13 ], "texture": "#frame" },
                "east":  { "uv": [ 0, 3, 1, 13 ], "texture": "#frame" }
            }
        },
        {   "from": [ 2, 3, 7.5 ],
            "to": [ 3, 13, 8.5 ],
            "faces": {
                "north": { "uv": [ 16, 3, 15, 13 ], "texture": "#frame" },
                "south": { "uv": [ 15, 3, 16, 13 ], "texture": "#frame" },
                "west":  { "uv": [ 15, 3, 16, 13 ], "texture": "#frame" },
                "east":  { "uv": [ 15, 3, 16, 13 ], "texture": "#frame" }
            }
        }
    ]
}
