{
    "parent": "block/block",
    "elements": [
        {   "from": [ 6, 0, 6 ],
            "to": [ 10, 1, 10 ],
            "faces": {
                "down":  { "uv": [ 2, 3, 6, 7 ], "texture": "#iron_rod" },
                "up":    { "uv": [ 2, 3, 6, 7 ], "texture": "#iron_rod" },
                "north": { "uv": [ 2, 5, 6, 6 ], "texture": "#iron_rod" },
                "south": { "uv": [ 2, 4, 6, 5 ], "texture": "#iron_rod" },
                "west":  { "uv": [ 2, 3, 6, 4 ], "texture": "#iron_rod" },
                "east":  { "uv": [ 2, 2, 6, 3 ], "texture": "#iron_rod" }
            }
        },
        {   "from": [ 7, 1, 7 ],
            "to": [ 9, 16, 9 ],
            "faces": {
                "up":    { "uv": [ 2, 0, 4, 2 ], "texture": "#iron_rod" },
                "north": { "uv": [ 0, 0, 2, 15 ], "texture": "#iron_rod" },
                "south": { "uv": [ 0, 0, 2, 15 ], "texture": "#iron_rod" },
                "west":  { "uv": [ 0, 0, 2, 15 ], "texture": "#iron_rod" },
                "east":  { "uv": [ 0, 0, 2, 15 ], "texture": "#iron_rod" }
            }
        }
    ]
}
