{
    "parent": "item/orientation/repeater",
    "elements": [
        {   "from": [ 0, 0, 0 ],
            "to": [ 16, 2, 16 ],
            "faces": {
                "down":  { "uv": [ 0, 0, 16, 16 ], "texture": "#slab" },
                "up":    { "uv": [ 0, 0, 16, 16 ], "texture": "#top" },
                "north": { "uv": [ 0, 14, 16, 16 ], "texture": "#slab" },
                "south": { "uv": [ 0, 14, 16, 16 ], "texture": "#slab" },
                "west":  { "uv": [ 0, 14, 16, 16 ], "texture": "#slab" },
                "east":  { "uv": [ 0, 14, 16, 16 ], "texture": "#slab" }
            }
        },
        {   "from": [ 7, 2, 12 ],
            "to": [ 9, 7, 14 ],
            "faces": {
                "down":  { "uv": [ 7, 13, 9, 15 ], "texture": "#unlit" },
                "up":    { "uv": [ 7, 6, 9, 8 ], "texture": "#unlit" },
                "north": { "uv": [ 7, 6, 9, 11 ], "texture": "#unlit" },
                "south": { "uv": [ 7, 6, 9, 11 ], "texture": "#unlit" },
                "west":  { "uv": [ 7, 6, 9, 11 ], "texture": "#unlit" },
                "east":  { "uv": [ 7, 6, 9, 11 ], "texture": "#unlit" }
            }
        },
        {   "from": [ 2, 2, 7 ],
            "to": [ 4, 7, 9 ],
            "faces": {
                "down":  { "uv": [ 7, 13, 9, 15 ], "texture": "#unlit" },
                "up":    { "uv": [ 7, 6, 9, 8 ], "texture": "#unlit" },
                "north": { "uv": [ 7, 6, 9, 11 ], "texture": "#unlit" },
                "south": { "uv": [ 7, 6, 9, 11 ], "texture": "#unlit" },
                "west":  { "uv": [ 7, 6, 9, 11 ], "texture": "#unlit" },
                "east":  { "uv": [ 7, 6, 9, 11 ], "texture": "#unlit" }
            }
        },
        {   "from": [ 12, 2, 7 ],
            "to": [ 14, 7, 9 ],
            "faces": {
                "down":  { "uv": [ 7, 13, 9, 15 ], "texture": "#unlit" },
                "up":    { "uv": [ 7, 6, 9, 8 ], "texture": "#unlit" },
                "north": { "uv": [ 7, 6, 9, 11 ], "texture": "#unlit" },
                "south": { "uv": [ 7, 6, 9, 11 ], "texture": "#unlit" },
                "west":  { "uv": [ 7, 6, 9, 11 ], "texture": "#unlit" },
                "east":  { "uv": [ 7, 6, 9, 11 ], "texture": "#unlit" }
            }
        },
        {   "from": [ 6, 2, 6 ],
            "to": [ 10, 4, 10 ],
            "faces": {
                "down":  { "uv": [ 0, 0, 16, 16 ], "texture": "#top" },
                "up":    { "uv": [ 6, 6, 10, 10 ], "texture": "#top" },
                "north": { "uv": [ 6, 8, 10, 10 ], "texture": "#top" },
                "south": { "uv": [ 6, 6, 10, 8 ], "texture": "#top" },
                "west":  { "uv": [ 6, 8, 10, 10 ], "texture": "#top" },
                "east":  { "uv": [ 6, 6, 10, 8 ], "texture": "#top" }
            }
        }
    ]
}
