{
    "elements": [
        {   "from": [ 2, 13, 7 ],
            "to": [ 14, 15, 9 ],
            "faces": {
                "down":  { "uv": [ 2, 3, 14, 5 ], "texture": "#bar" },
                "up":    { "uv": [ 2, 3, 14, 5 ], "texture": "#bar" },
                "north": { "uv": [ 2, 2, 14, 4 ], "texture": "#bar" },
                "south": { "uv": [ 2, 3, 14, 5 ], "texture": "#bar" }
            }
        },
        {   "from": [ 14, 0, 6 ],
            "to": [ 16, 16, 10 ],
            "faces": {
                "down":  { "uv": [ 0, 0, 2, 4 ], "texture": "#post", "cullface": "down" },
                "up":    { "uv": [ 0, 0, 2, 4 ], "texture": "#post", "cullface": "up" },
                "north": { "uv": [ 0, 0, 2, 16 ], "texture": "#post" },
                "south": { "uv": [ 0, 0, 2, 16 ], "texture": "#post" },
                "west":  { "uv": [ 0, 0, 4, 16 ], "texture": "#post" },
                "east":  { "uv": [ 0, 0, 4, 16 ], "texture": "#post" }
            }
        },
        {   "from": [ 0, 0, 6 ],
            "to": [ 2, 16, 10 ],
            "faces": {
                "down":  { "uv": [ 0, 0, 2, 4 ], "texture": "#post", "cullface": "down" },
                "up":    { "uv": [ 0, 0, 2, 4 ], "texture": "#post","cullface": "up" },
                "north": { "uv": [ 0, 0, 2, 16 ], "texture": "#post" },
                "south": { "uv": [ 0, 0, 2, 16 ], "texture": "#post" },
                "west":  { "uv": [ 0, 0, 4, 16 ], "texture": "#post" },
                "east":  { "uv": [ 0, 0, 4, 16 ], "texture": "#post" }
            }
        }
    ]
}
