{
    "parent": "item/orientation/button",
    "elements": [
        {   "from": [ 5, 6, 7 ],
            "to": [ 11, 10, 9 ],
            "faces": {
                "down":  { "uv": [ 5, 14, 11, 16 ], "texture": "#texture", "rotation": 180 },
                "up":    { "uv": [ 5, 0, 11, 2 ], "texture": "#texture", "rotation": 180 },
                "north": { "uv": [ 11, 6, 5, 10 ], "texture": "#texture", "rotation": 180 },
                "south": { "uv": [ 5, 6, 11, 10 ], "texture": "#texture" },
                "west":  { "uv": [ 14, 6, 16, 10 ], "texture": "#texture" },
                "east":  { "uv": [ 0, 6, 2, 10 ], "texture": "#texture" }
            }
        }
    ]
}
