{   
    "parent": "item/orientation/fence",
    "elements": [
        {   "from": [ 6, 0, 0 ],
            "to": [ 10, 16, 4 ],
            "faces": {
                "down":  { "uv": [ 6, 6, 10, 10 ], "texture": "#texture" },
                "up":    { "uv": [ 6, 6, 10, 10 ], "texture": "#texture" },
                "north": { "uv": [ 6, 0, 10, 16 ], "texture": "#texture" },
                "south": { "uv": [ 6, 0, 10, 16 ], "texture": "#texture" },
                "west":  { "uv": [ 6, 0, 10, 16 ], "texture": "#texture" },
                "east":  { "uv": [ 6, 0, 10, 16 ], "texture": "#texture" }
            }
        },
        {   "from": [ 6, 0, 12 ],
            "to": [ 10, 16, 16 ],
            "faces": {
                "down":  { "uv": [ 6, 6, 10, 10 ], "texture": "#texture" },
                "up":    { "uv": [ 6, 6, 10, 10 ], "texture": "#texture" },
                "north": { "uv": [ 6, 0, 10, 16 ], "texture": "#texture" },
                "south": { "uv": [ 6, 0, 10, 16 ], "texture": "#texture" },
                "west":  { "uv": [ 6, 0, 10, 16 ], "texture": "#texture" },
                "east":  { "uv": [ 6, 0, 10, 16 ], "texture": "#texture" }
            }
        },

        {   "from": [ 7, 12, 4 ],
            "to": [ 9, 15, 8 ],
            "faces": {
                "down":  { "uv": [ 9, 7, 13, 9 ], "texture": "#texture", "rotation": 90 },
                "up":    { "uv": [ 2, 7, 6, 9 ], "texture": "#texture", "rotation": 270 },
                "west":  { "uv": [ 3, 1, 7, 4 ], "texture": "#texture" },
                "east":  { "uv": [ 2, 1, 6, 4 ], "texture": "#texture" }
            }
        },
        {   "from": [ 7, 12, 8 ],
            "to": [ 9, 15, 12 ],
            "faces": {
                "down":  { "uv": [ 3, 7, 7, 9 ], "texture": "#texture", "rotation": 90 },
                "up":    { "uv": [ 10, 7, 14, 9 ], "texture": "#texture", "rotation": 270 },
                "west":  { "uv": [ 2, 1, 6, 4 ], "texture": "#texture" },
                "east":  { "uv": [ 3, 1, 7, 4 ], "texture": "#texture" }
            }
        },
        {   "from": [ 7, 6, 4 ],
            "to": [ 9, 9, 8 ],
            "faces": {
                "down":  { "uv": [ 9, 7, 13, 9 ], "texture": "#texture", "rotation": 90 },
                "up":    { "uv": [ 2, 7, 6, 9 ], "texture": "#texture", "rotation": 270 },
                "west":  { "uv": [ 3, 7, 7, 10 ], "texture": "#texture" },
                "east":  { "uv": [ 2, 7, 6, 10 ], "texture": "#texture" }
            }
        },
        {   "from": [ 7, 6, 8 ],
            "to": [ 9, 9, 12 ],
            "faces": {
                "down":  { "uv": [ 3, 7, 7, 9 ], "texture": "#texture", "rotation": 90 },
                "up":    { "uv": [ 10, 7, 14, 9 ], "texture": "#texture", "rotation": 270 },
                "west":  { "uv": [ 2, 7, 6, 10 ], "texture": "#texture" },
                "east":  { "uv": [ 3, 7, 7, 10 ], "texture": "#texture" }
            }
        },

        {   "from": [ 7, 12, -2 ],
            "to": [ 9, 15, 0 ],
            "faces": {
                "down":  { "uv": [ 3, 7, 5, 9 ], "texture": "#texture", "rotation": 90 },
                "up":    { "uv": [ 10, 7, 12, 9 ], "texture": "#texture", "rotation": 270 },
                "north": { "uv": [ 7, 1, 9, 4 ], "texture": "#texture" },
                "west":  { "uv": [ 4, 1, 6, 4 ], "texture": "#texture" },
                "east":  { "uv": [ 3, 1, 5, 4 ], "texture": "#texture" }
            }
        },
        {   "from": [ 7, 12, 16 ],
            "to": [ 9, 15, 18 ],
            "faces": {
                "down":  { "uv": [ 11, 7, 13, 9 ], "texture": "#texture", "rotation": 90 },
                "up":    { "uv": [ 4, 7, 6, 9 ], "texture": "#texture", "rotation": 270 },
                "south": { "uv": [ 7, 1, 9, 4 ], "texture": "#texture" },
                "west":  { "uv": [ 3, 1, 5, 4 ], "texture": "#texture" },
                "east":  { "uv": [ 4, 1, 6, 4 ], "texture": "#texture" }
            }
        },
        {   "from": [ 7, 6, -2 ],
            "to": [ 9, 9, 0 ],
            "faces": {
                "down":  { "uv": [ 3, 7, 5, 9 ], "texture": "#texture", "rotation": 90 },
                "up":    { "uv": [ 10, 7, 12, 9 ], "texture": "#texture", "rotation": 270 },
                "north": { "uv": [ 7, 7, 9, 10 ], "texture": "#texture" },
                "west":  { "uv": [ 4, 7, 6, 10 ], "texture": "#texture" },
                "east":  { "uv": [ 3, 7, 5, 10 ], "texture": "#texture" }
            }
        },
        {   "from": [ 7, 6, 16 ],
            "to": [ 9, 9, 18 ],
            "faces": {
                "down":  { "uv": [ 11, 7, 13, 9 ], "texture": "#texture", "rotation": 90 },
                "up":    { "uv": [ 4, 7, 6, 9 ], "texture": "#texture", "rotation": 270 },
                "south": { "uv": [ 7, 7, 9, 10 ], "texture": "#texture" },
                "west":  { "uv": [ 3, 7, 5, 10 ], "texture": "#texture" },
                "east":  { "uv": [ 4, 7, 6, 10 ], "texture": "#texture" }
            }
        }

    ]
}
