{
    "parent": "block/block",
    "elements": [
        {   "from": [ 6, 0, 8 ], 
            "to": [ 10, 16, 8 ], 
            "faces": {
                "north": { "texture": "#rope", "tintindex": 0 },
                "south": { "texture": "#rope", "tintindex": 0 }
            }
        },
        {   "from": [ 8, 0, 6 ], 
            "to": [ 8, 16, 10 ], 
            "faces": {
                "west": { "texture": "#rope", "tintindex": 0 },
                "east": { "texture": "#rope", "tintindex": 0 }
            }
        },
        {   "from": [ 7, 0, 7 ], 
            "to": [ 9, 16, 9 ], 
            "faces": {
                "down":  { "texture": "#rope", "tintindex": 0 },
                "up":    { "texture": "#rope", "tintindex": 0 },
                "north": { "texture": "#rope", "tintindex": 0 },
                "south": { "texture": "#rope", "tintindex": 0 },
                "west":  { "texture": "#rope", "tintindex": 0 },
                "east":  { "texture": "#rope", "tintindex": 0 }
            }
        }
    ]
}
