{
    "parent": "thermal:item/orientation/underwater_minecart",
    "elements": [
        {   "from": [ -2, 0, 0 ],
            "to": [ 18, 2, 16 ],
            "faces": {
                "down":  { "uv": [ 6.5, 5.25, 4.5, 7.75 ], "texture": "#minecart", "rotation": 270 },
                "up":    { "uv": [ 10.25, 6.75, 12.25, 9.25 ], "texture": "#minecart", "rotation": 270 },
                "north": { "uv": [ 4.5, 8.75, 7, 9 ], "texture": "#minecart" },
                "south": { "uv": [ 0, 8.75, 2.5, 9 ], "texture": "#minecart" },
                "west":  { "uv": [ 7, 8.75, 9, 9 ], "texture": "#minecart" }, 
                "east":  { "uv": [ 2.5, 8.75, 4.5, 9 ], "texture": "#minecart" }
            }
        },
        {   "from": [ 0, 2, 0 ],
            "to": [ 16, 10, 2 ],
            "faces": {
                "up":    { "uv": [ 4.25, 5.5, 4.5, 7.5 ], "texture": "#minecart", "rotation": 270 },
                "north": { "uv": [ 4.75, 7.75, 6.75, 8.75 ], "texture": "#minecart" },
                "south": { "uv": [ 12.5, 9, 10.5, 10 ], "texture": "#minecart" }
            }
        },
        {   "from": [ 0, 2, 14 ],
            "to": [ 16, 10, 16 ],
            "faces": {
                "up":    { "uv": [ 2.5, 5.5, 2.75, 7.5 ], "texture": "#minecart", "rotation": 270 },
                "north": { "uv": [ 9, 9, 7, 10 ], "texture": "#minecart" },
                "south": { "uv": [ 0.25, 7.75, 2.25, 8.75 ], "texture": "#minecart" }
            }
        },
        {   "from": [ -2, 2, 0 ],
            "to": [ 0, 10, 16 ],
            "faces": {
                "up":    { "uv": [ 2.5, 5.25, 4.5, 5.5 ], "texture": "#minecart", "rotation": 270 },
                "north": { "uv": [ 6.75, 7.75, 7, 8.75 ], "texture": "#minecart" },
                "south": { "uv": [ 0, 7.75, 0.25, 8.75 ], "texture": "#minecart" },
                "west":  { "uv": [ 7, 7.75, 9, 8.75 ], "texture": "#minecart" },
                "east":  { "uv": [ 14.25, 9, 12.25, 10 ], "texture": "#minecart" }
            }
        },
        {   "from": [ 16, 2, 0 ],
            "to": [ 18, 10, 16 ],
            "faces": {
                "up":    { "uv": [ 2.5, 7.5, 4.5, 7.75 ], "texture": "#minecart", "rotation": 270 },
                "north": { "uv": [ 4.5, 7.75, 4.75, 8.75 ], "texture": "#minecart" },
                "south": { "uv": [ 2.25, 7.75, 2.5, 8.75 ], "texture": "#minecart" },
                "west":  { "uv": [ 10.75, 9, 8.75, 10 ], "texture": "#minecart" },
                "east":  { "uv": [ 2.5, 7.75, 4.5, 8.75 ], "texture": "#minecart" }
            }
        },
        {   "from": [ -2, 10, 0 ],
            "to": [ 18, 25, 16 ],
            "faces": {
                "up":    { "uv": [ 2.5, 0, 4.5, 2.5 ], "texture": "#minecart", "rotation": 270 },
                "north": { "uv": [ 4.5, 2.5, 7, 4.375 ], "texture": "#minecart" },
                "south": { "uv": [ 0, 2.5, 2.5, 4.375 ], "texture": "#minecart" },
                "east":  { "uv": [ 2.5, 2.5, 4.5, 4.375 ], "texture": "#minecart" },
                "west":  { "uv": [ 7, 2.5, 9, 4.375 ], "texture": "#minecart" }
            }
        }
    ]
}
