{
	"parent": "good_nights_sleep:item/orientation/luxurious_bed",
    "elements": [
        {   "from": [ 0, 3, -16 ],
            "to": [ 16, 9, 0 ],
            "faces": {
                "down":  { "uv": [ 7, 7.5, 11, 11 ], "texture": "#bed", "rotation": 180 },
                "up":    { "uv": [ 1.5, 7.5, 5.5, 11 ], "texture": "#bed", "rotation": 180 },
                "north": { "uv": [ 5.5, 5.5, 9.5, 7 ], "texture": "#bed", "rotation": 180 },
                "south": { "uv": [ 1.5, 5.5, 5.5, 7 ], "texture": "#bed" },
                "west":  { "uv": [ 5.5, 7, 7, 11 ], "texture": "#bed", "rotation": 90 },
                "east":  { "uv": [ 0, 7, 1.5, 11 ], "texture": "#bed", "rotation": 270 }
            }
        },
        {   "from": [ 0, 3, 0 ],
            "to": [ 16, 9, 16 ],
            "faces": {
                "down":  { "uv": [ 7, 1.5, 11, 5.5 ], "texture": "#bed", "rotation": 180 },
                "up":    { "uv": [ 1.5, 1.5, 5.5, 5.5 ], "texture": "#bed", "rotation": 180 },
                "north": { "uv": [ 0, 0, 4, 1.5 ], "texture": "#bed" },
                "south": { "uv": [ 1.5, 0, 5.5, 1.5 ], "texture": "#bed", "rotation": 180 },
                "west":  { "uv": [ 5.5, 1.5, 7, 5.5 ], "texture": "#bed", "rotation": 90 },
                "east":  { "uv": [ 0, 1.5, 1.5, 5.5 ], "texture": "#bed", "rotation": 270 }
            }
        },
        {   "from": [ 13, 0, 13 ],
            "to": [ 16, 3, 16 ],
            "faces": {
                "down":  { "uv": [ 14, 0, 14.75, 0.75 ], "texture": "#bed", "rotation": 180 },
                "up":    { "uv": [ 0, 0, 0.25, 0.75 ], "texture": "#bed", "rotation": 180 },
                "north": { "uv": [ 14.75, 0.75, 15.5, 1.5 ], "texture": "#bed" },
                "south": { "uv": [ 13.25, 0.75, 14, 1.5 ], "texture": "#bed", "rotation": 180 },
                "west":  { "uv": [ 13.25, 0.75, 14, 1.5 ], "texture": "#bed" },
                "east":  { "uv": [ 13.25, 0.75, 14, 1.5 ], "texture": "#bed" }
            }
        },
        {   "from": [ 0, 0, 13 ],
            "to": [ 3, 3, 16 ],
            "faces": {
                "down":  { "uv": [ 14, 0, 14.75, 0.75 ], "texture": "#bed", "rotation": 180 },
                "up":    { "uv": [ 0, 0, 0.25, 0.75 ], "texture": "#bed", "rotation": 180 },
                "north": { "uv": [ 14, 0.75, 14.75, 1.5 ], "texture": "#bed" },
                "south": { "uv": [ 13.25, 0.75, 14, 1.5 ], "texture": "#bed" },
                "west":  { "uv": [ 13.25, 0.75, 14, 1.5 ], "texture": "#bed", "rotation": 180 },
                "east":  { "uv": [ 13.25, 0.75, 14, 1.5 ], "texture": "#bed", "rotation": 180 }
            }
        },
        {   "from": [ 13, 0, -16 ],
            "to": [ 16, 3, -13 ],
            "faces": {
                "down":  { "uv": [ 14, 0, 14.75, 0.75 ], "texture": "#bed", "rotation": 180 },
                "up":    { "uv": [ 0, 0, 0.25, 0.75 ], "texture": "#bed", "rotation": 180 },
                "north": { "uv": [ 13.25, 0.75, 14, 1.5 ], "texture": "#bed" },
                "south": { "uv": [ 14.75, 0.75, 15.5, 1.5 ], "texture": "#bed" },
                "west":  { "uv": [ 14, 0.75, 14.75, 1.5 ], "texture": "#bed" },
                "east":  { "uv": [ 12.5, 0.75, 13.25, 1.5 ], "texture": "#bed" }
            }
        },
        {   "from": [ 0, 0, -16 ],
            "to": [ 3, 3, -13 ],
            "faces": {
                "down":  { "uv": [ 14, 0, 14.75, 0.75 ], "texture": "#bed", "rotation": 180 },
                "up":    { "uv": [ 0, 0, 0.25, 0.75 ], "texture": "#bed", "rotation": 180 },
                "north": { "uv": [ 13.25, 0.75, 14, 1.5 ], "texture": "#bed", "rotation": 180 },
                "south": { "uv": [ 14, 0.75, 14.75, 1.5 ], "texture": "#bed" },
                "west":  { "uv": [ 13.25, 0.75, 14, 1.5 ], "texture": "#bed" },
                "east":  { "uv": [ 13.75, 0.75, 14.5, 1.5 ], "texture": "#bed", "rotation": 270 }
            }
        }
    ]
}
