{
    "parent": "block/block",
    "elements": [
        {   "from": [ 0, 3, 0 ],
            "to": [ 2, 16, 16 ],
            "faces": {
                "down":  { "texture": "#inside" },
                "up":    { "texture": "#top" },
                "north": { "texture": "#side" },
                "south": { "texture": "#side" },
                "west":  { "texture": "#side" },
                "east":  { "texture": "#side" }
            }
        },
        {   "from": [ 2, 3, 2 ],
            "to": [ 14, 4, 14 ],
            "faces": {
                "down":  { "texture": "#inside" },
                "up":    { "texture": "#inside" },
                "north": { "texture": "#side" },
                "south": { "texture": "#side" },
                "west":  { "texture": "#side" },
                "east":  { "texture": "#side" }
            }
        },
        {   "from": [ 14, 3, 0 ],
            "to": [ 16, 16, 16 ],
            "faces": {
                "down":  { "texture": "#inside" },
                "up":    { "texture": "#top" },
                "north": { "texture": "#side" },
                "south": { "texture": "#side" },
                "west":  { "texture": "#side" },
                "east":  { "texture": "#side" }
            }
        },
        {   "from": [ 2, 3, 0 ],
            "to": [ 14, 16, 2 ],
            "faces": {
                "down":  { "texture": "#inside" },
                "up":    { "texture": "#top" },
                "north": { "texture": "#side" },
                "south": { "texture": "#side" },
                "west":  { "texture": "#side" },
                "east":  { "texture": "#side" }
            }
        },
        {   "from": [ 2, 3, 14 ],
            "to": [ 14, 16, 16 ],
            "faces": {
                "down":  { "texture": "#inside" },
                "up":    { "texture": "#top" },
                "north": { "texture": "#side" },
                "south": { "texture": "#side" },
                "west":  { "texture": "#side" },
                "east":  { "texture": "#side" }
            }
        },
        {   "from": [ 0, 0, 0 ],
            "to": [ 4, 3, 2 ],
            "faces": {
                "down":  { "texture": "#bottom" },
                "up":    { "texture": "#top" },
                "north": { "texture": "#side" },
                "south": { "texture": "#side" },
                "west":  { "texture": "#side" },
                "east":  { "texture": "#side" }
            }
        },
        {   "from": [ 0, 0, 2 ],
            "to": [ 2, 3, 4 ],
            "faces": {
                "down":  { "texture": "#bottom" },
                "up":    { "texture": "#top" },
                "north": { "texture": "#side" },
                "south": { "texture": "#side" },
                "west":  { "texture": "#side" },
                "east":  { "texture": "#side" }
            }
        },
        {   "from": [ 12, 0, 0 ],
            "to": [ 16, 3, 2 ],
            "faces": {
                "down":  { "texture": "#bottom" },
                "up":    { "texture": "#top" },
                "north": { "texture": "#side" },
                "south": { "texture": "#side" },
                "west":  { "texture": "#side" },
                "east":  { "texture": "#side" }
            }
        },
        {   "from": [ 14, 0, 2 ],
            "to": [ 16, 3, 4 ],
            "faces": {
                "down":  { "texture": "#bottom" },
                "up":    { "texture": "#top" },
                "north": { "texture": "#side" },
                "south": { "texture": "#side" },
                "west":  { "texture": "#side" },
                "east":  { "texture": "#side" }
            }
        },
        {   "from": [ 0, 0, 14 ],
            "to": [ 4, 3, 16 ],
            "faces": {
                "down":  { "texture": "#bottom" },
                "up":    { "texture": "#top" },
                "north": { "texture": "#side" },
                "south": { "texture": "#side" },
                "west":  { "texture": "#side" },
                "east":  { "texture": "#side" }
            }
        },
        {   "from": [ 0, 0, 12 ],
            "to": [ 2, 3, 14 ],
            "faces": {
                "down":  { "texture": "#bottom" },
                "up":    { "texture": "#top" },
                "north": { "texture": "#side" },
                "south": { "texture": "#side" },
                "west":  { "texture": "#side" },
                "east":  { "texture": "#side" }
            }
        },
        {   "from": [ 12, 0, 14 ],
            "to": [ 16, 3, 16 ],
            "faces": {
                "down":  { "texture": "#bottom" },
                "up":    { "texture": "#top" },
                "north": { "texture": "#side" },
                "south": { "texture": "#side" },
                "west":  { "texture": "#side" },
                "east":  { "texture": "#side" }
            }
        },
        {   "from": [ 14, 0, 12 ],
            "to": [ 16, 3, 14 ],
            "faces": {
                "down":  { "texture": "#bottom" },
                "up":    { "texture": "#top" },
                "north": { "texture": "#side" },
                "south": { "texture": "#side" },
                "west":  { "texture": "#side" },
                "east":  { "texture": "#side" }
            }
        },
        {   "from": [ 2, 4, 2 ],
            "to": [ 14, 15, 14 ],
            "faces": {
                "up": { "texture": "#gold", "tintindex": 0 }
            }
        }
    ]
}
